{
	"variables": [],
	"info": {
		"name": "AirBnB_clone_v3",
		"_postman_id": "b2c301e9-5d4d-0d22-a907-67aa70e95c72",
		"description": "This is a postman template for testing all of the endpoints.\n\nReplace placeholders like <state_id> with actual data.",
		"schema": "https://schema.getpostman.com/json/collection/v2.0.0/collection.json"
	},
	"item": [
		{
			"name": "States",
			"description": "",
			"item": [
				{
					"name": "Get All States",
					"request": {
						"url": "localhost:5000/api/v1/states",
						"method": "GET",
						"header": [],
						"body": {},
						"description": ""
					},
					"response": []
				},
				{
					"name": "Get State by <state_id>",
					"request": {
						"url": "localhost:5000/api/v1/states/<state_id>",
						"method": "GET",
						"header": [],
						"body": {},
						"description": ""
					},
					"response": []
				},
				{
					"name": "Create State",
					"request": {
						"url": "localhost:5000/api/v1/states/",
						"method": "POST",
						"header": [
							{
								"description": "",
								"key": "Content-Type",
								"value": "application/json"
							}
						],
						"body": {
							"mode": "raw",
							"raw": "{\n\t\"name\": \"Bobby's World\"\n}"
						},
						"description": ""
					},
					"response": []
				},
				{
					"name": "Update State",
					"request": {
						"url": "localhost:5000/api/v1/states/<state_id>",
						"method": "PUT",
						"header": [
							{
								"key": "Content-Type",
								"value": "application/json",
								"description": ""
							}
						],
						"body": {
							"mode": "raw",
							"raw": "{\n\t\"name\" : \"Bobby's Universe\"\n}"
						},
						"description": ""
					},
					"response": []
				},
				{
					"name": "Delete State",
					"request": {
						"url": "localhost:5000/api/v1/states/<state_id>",
						"method": "DELETE",
						"header": [],
						"body": {},
						"description": ""
					},
					"response": []
				}
			]
		},
		{
			"name": "Users",
			"description": "",
			"item": [
				{
					"name": "Get All Users",
					"request": {
						"url": "localhost:5000/api/v1/users",
						"method": "GET",
						"header": [],
						"body": {},
						"description": ""
					},
					"response": []
				},
				{
					"name": "Get User by <user_id>",
					"request": {
						"url": "localhost:5000/api/v1/users/<user_id>",
						"method": "GET",
						"header": [],
						"body": {},
						"description": ""
					},
					"response": []
				},
				{
					"name": "Create User",
					"request": {
						"url": "localhost:5000/api/v1/users/",
						"method": "POST",
						"header": [
							{
								"key": "Content-Type",
								"value": "application/json",
								"description": ""
							}
						],
						"body": {
							"mode": "raw",
							"raw": "{\n\t\"email\"      : \"bobby@yang.com\",\n\t\"first_name\" : \"Bobby\",\n\t\"last_name\"  : \"Yang\",\n\t\"password\"   : \"strongpassword\"\n}"
						},
						"description": ""
					},
					"response": []
				},
				{
					"name": "Update User",
					"request": {
						"url": "localhost:5000/api/v1/users/<user_id>",
						"method": "PUT",
						"header": [
							{
								"key": "Content-Type",
								"value": "application/json",
								"description": ""
							}
						],
						"body": {
							"mode": "raw",
							"raw": "{\n\t\"first_name\" : \"Gaoqing\",\n\t\"last_name\"  : \"Yang\",\n\t\"email\"      : \"122@holbertonschool.com\",\n\t\"password\"   : \"Strong_Password\"\n}"
						},
						"description": ""
					},
					"response": []
				},
				{
					"name": "Delete User",
					"request": {
						"url": "localhost:5000/api/v1/users/<user_id>",
						"method": "DELETE",
						"header": [],
						"body": {},
						"description": ""
					},
					"response": []
				}
			]
		},
		{
			"name": "Places",
			"description": "",
			"item": [
				{
					"name": "Get All Places by City",
					"request": {
						"url": "localhost:5000/api/v1/cities/<city_id>/places",
						"method": "GET",
						"header": [],
						"body": {},
						"description": ""
					},
					"response": []
				},
				{
					"name": "Get Place by <place_id>",
					"request": {
						"url": "localhost:5000/api/v1/places/<place_id>",
						"method": "GET",
						"header": [],
						"body": {},
						"description": ""
					},
					"response": []
				},
				{
					"name": "Create Place",
					"request": {
						"url": "localhost:5000/api/v1/cities/<city_id>/places",
						"method": "POST",
						"header": [
							{
								"key": "Content-Type",
								"value": "application/json",
								"description": ""
							}
						],
						"body": {
							"mode": "raw",
							"raw": "{\n\t\"user_id\" : \"31599588-39d3-48bd-84e5-b929b7eaf7cd\",\n\t\"name\"    : \"2907 Harrison St\"\n}"
						},
						"description": ""
					},
					"response": []
				},
				{
					"name": "Update Place",
					"request": {
						"url": "localhost:5000/api/v1/places/<place_id>",
						"method": "PUT",
						"header": [
							{
								"key": "Content-Type",
								"value": "application/json",
								"description": ""
							}
						],
						"body": {
							"mode": "raw",
							"raw": "{\n\t\"name\" : \"Bobby's House\"\n}"
						},
						"description": ""
					},
					"response": []
				},
				{
					"name": "Delete Place",
					"request": {
						"url": "localhost:5000/api/v1/places/<place_id>",
						"method": "DELETE",
						"header": [],
						"body": {},
						"description": ""
					},
					"response": []
				}
			]
		},
		{
			"name": "Reviews",
			"description": "",
			"item": [
				{
					"name": "Get All Reviews by Place",
					"request": {
						"url": "localhost:5000/api/v1/places/<place_id>/reviews",
						"method": "GET",
						"header": [],
						"body": {},
						"description": ""
					},
					"response": []
				},
				{
					"name": "Get Review by <review_id>",
					"request": {
						"url": "localhost:5000/api/v1/reviews/<review_id>",
						"method": "GET",
						"header": [],
						"body": {},
						"description": ""
					},
					"response": []
				},
				{
					"name": "Create Review",
					"request": {
						"url": "localhost:5000/api/v1/places/<place_id>/reviews",
						"method": "POST",
						"header": [
							{
								"key": "Content-Type",
								"value": "application/json",
								"description": ""
							}
						],
						"body": {
							"mode": "raw",
							"raw": "{\n\t\"user_id\" : \"9e7b2291-3bff-43b9-9241-8ff685e7a6dd\",\n\t\"text\"    : \"Alan and Bobby are the best!\"\n}"
						},
						"description": ""
					},
					"response": []
				},
				{
					"name": "Update Review",
					"request": {
						"url": "localhost:5000/api/v1/reviews/<review_id>",
						"method": "PUT",
						"header": [
							{
								"key": "Content-Type",
								"value": "application/json",
								"description": ""
							}
						],
						"body": {
							"mode": "raw",
							"raw": "{\n\t\"text\" : \"Actually, hex and linux the dogs are better\"\n}"
						},
						"description": ""
					},
					"response": []
				},
				{
					"name": "Delete Review",
					"request": {
						"url": "localhost:5000/api/v1/reviews/<review_id>",
						"method": "DELETE",
						"header": [],
						"body": {},
						"description": ""
					},
					"response": []
				}
			]
		},
		{
			"name": "Amenities",
			"description": "",
			"item": [
				{
					"name": "Get All Amenities",
					"request": {
						"url": "localhost:5000/api/v1/amenities",
						"method": "GET",
						"header": [],
						"body": {},
						"description": ""
					},
					"response": []
				},
				{
					"name": "Get Amenity by <amenity_id>",
					"request": {
						"url": "localhost:5000/api/v1/amenities/<amenity_id>",
						"method": "GET",
						"header": [],
						"body": {},
						"description": ""
					},
					"response": []
				},
				{
					"name": "Create Amenity",
					"request": {
						"url": "localhost:5000/api/v1/amenities/",
						"method": "POST",
						"header": [
							{
								"key": "Content-Type",
								"value": "application/json",
								"description": ""
							}
						],
						"body": {
							"mode": "raw",
							"raw": "{\n\t\"name\" : \"Poop\"\n}"
						},
						"description": ""
					},
					"response": []
				},
				{
					"name": "Update Amenity",
					"request": {
						"url": "localhost:5000/api/v1/amenities/<amenity_id>",
						"method": "PUT",
						"header": [
							{
								"key": "Content-Type",
								"value": "application/json",
								"description": ""
							}
						],
						"body": {
							"mode": "raw",
							"raw": "{\n\t\"name\" : \"Toilet\"\n}"
						},
						"description": ""
					},
					"response": []
				},
				{
					"name": "Delete Amenity",
					"request": {
						"url": "localhost:5000/api/v1/amenities/<amenity_id>",
						"method": "DELETE",
						"header": [],
						"body": {},
						"description": ""
					},
					"response": []
				}
			]
		},
		{
			"name": "Cities",
			"description": "",
			"item": [
				{
					"name": "Get All Cities by state_id",
					"request": {
						"url": "localhost:5000/api/v1/states/<state_id>/cities",
						"method": "GET",
						"header": [],
						"body": {},
						"description": ""
					},
					"response": []
				},
				{
					"name": "Get City by <city_id>",
					"request": {
						"url": "localhost:5000/api/v1/cities/<city_id>",
						"method": "GET",
						"header": [],
						"body": {},
						"description": ""
					},
					"response": []
				},
				{
					"name": "Create City",
					"request": {
						"url": "localhost:5000/api/v1/states/<state_id>/cities",
						"method": "POST",
						"header": [
							{
								"key": "Content-Type",
								"value": "application/json",
								"description": ""
							}
						],
						"body": {
							"mode": "raw",
							"raw": "{\n\t\"name\" : \"Eureka\"\n}"
						},
						"description": ""
					},
					"response": []
				},
				{
					"name": "Update City",
					"request": {
						"url": "localhost:5000/api/v1/cities/<city_id>",
						"method": "PUT",
						"header": [
							{
								"key": "Content-Type",
								"value": "application/json",
								"description": ""
							}
						],
						"body": {
							"mode": "raw",
							"raw": "{\n\t\"name\" : \"San Jose\"\n}"
						},
						"description": ""
					},
					"response": []
				},
				{
					"name": "Delete City",
					"request": {
						"url": "localhost:5000/api/v1/cities/<city_id>",
						"method": "DELETE",
						"header": [],
						"body": {},
						"description": ""
					},
					"response": []
				}
			]
		},
		{
			"name": "Status",
			"request": {
				"url": "localhost:5000/api/v1/status",
				"method": "GET",
				"header": [],
				"body": {},
				"description": ""
			},
			"response": []
		},
		{
			"name": "Stats",
			"request": {
				"url": "localhost:5000/api/v1/stats",
				"method": "GET",
				"header": [],
				"body": {},
				"description": ""
			},
			"response": []
		}
	]
}